,resnet18,resnet34,resnet50
Raw,0.010930915573733536,0.012351334394522049,0.016015976517643762
FP32,0.003857297513952207,0.00567102072825983,0.009893084291237683
FP16,0.00216052640023543,0.003377080562725738,0.004446487330911147
INT8,0.0017267651294344034,0.002702511734698885,0.003906130191668793
